eventNumber,productName,bottlesUsed,TotalAmount,totalML,amountPerGuest
28,ביפיאטר,2.0,170.0,1400.0,17.5
28,בלוגה,1.0,148.0,1000.0,12.5
28,גיבסונס,5.0,400.0,5000.0,62.5
28,גרייגוס,1.0,143.0,1000.0,12.5
28,ליקר טריפל סק בנימינה,1.0,50.0,700.0,8.8
28,סקיי,6.0,360.0,3600.0,45.0
28,פטרון סילבר,2.0,330.0,2000.0,25.0
28,קוארבו סילבר,1.0,124.0,1000.0,12.5
28,קריביקה,1.0,52.0,700.0,8.8
53,גיבסונס,6.0,480.0,6000.0,30.0
53,גלנליווט פאונדרס,2.0,318.0,1400.0,7.0
53,ערק עלית,1.0,57.0,700.0,3.5
53,פינלנדיה,1.0,87.0,1000.0,5.0
53,קאווה,1.0,26.0,700.0,3.5
53,קוארבו סילבר,1.0,124.0,1000.0,5.0
53,קריביקה,2.0,104.0,1400.0,7.0
54,אוזו מיני,3.0,210.0,2100.0,21.0
54,אפרול ליטר,2.0,135.0,2000.0,20.0
54,בלאק לייבל,1.0,149.0,1000.0,10.0
54,גיבסונס,3.0,240.0,3000.0,30.0
54,ליקר טריפל סק בנימינה,1.0,50.0,700.0,7.0
54,ערק אשקלון,1.0,60.0,700.0,7.0
54,ערק עלית,4.0,228.0,2800.0,28.0
54,פינלנדיה,1.0,87.0,1000.0,10.0
54,קוארבו סילבר,3.0,372.0,3000.0,30.0
54,קמפרי,1.0,85.0,1000.0,10.0
54,קפטן מורגן ספייס,1.0,70.0,700.0,7.0
54,קריביקה,2.0,104.0,1400.0,14.0
62,אוזו מיני,2.0,140.0,1400.0,4.7
62,אפרול ליטר,4.0,269.0,4000.0,13.3
62,בומביי ליטר,2.0,260.0,2000.0,6.7
62,ג'יימסון,1.0,120.0,1000.0,3.3
62,ג'ים בים,2.0,255.0,2000.0,6.7
62,ג'ק דניאלס,1.0,139.0,1000.0,3.3
62,ג'ק דניאלס דבש,1.0,140.0,700.0,2.3
62,גיבסונס,9.0,720.0,9000.0,30.0
62,גלנליווט פאונדרס,4.0,636.0,2800.0,9.3
62,וואן גוך ליטר,2.0,270.0,2000.0,6.7
62,טנקרי,2.0,290.0,2000.0,6.7
62,יין לבן,13.0,364.0,9750.0,32.5
62,מקאלן 12,5.0,1675.0,3500.0,11.7
62,ערק עלית,11.0,627.0,7700.0,25.7
62,פינלנדיה,5.0,437.0,5000.0,16.7
62,קאווה,13.0,335.0,9100.0,30.3
62,קוארבו סילבר,2.0,248.0,2000.0,6.7
62,קמפרי,2.0,170.0,2000.0,6.7
62,קריביקה,3.0,156.0,2100.0,7.0
69,בומביי ליטר,3.0,390.0,3000.0,30.0
69,בלאק לייבל,1.0,149.0,1000.0,10.0
69,גורדונס 700,2.0,132.0,1400.0,14.0
69,גיבסונס,2.0,160.0,2000.0,20.0
69,וואן גוך ליטר,1.0,135.0,1000.0,10.0
69,ליקר טריפל סק בנימינה,1.0,50.0,700.0,7.0
69,ערק עלית,2.0,114.0,1400.0,14.0
69,פינלנדיה,1.0,87.0,1000.0,10.0
69,קוארבו סילבר,5.0,620.0,5000.0,50.0
69,קמפרי,2.5,213.0,2500.0,25.0
69,קריביקה,3.0,156.0,2100.0,21.0
72,אפרול ליטר,1.0,67.0,1000.0,6.7
72,בומביי ליטר,2.0,260.0,2000.0,13.3
72,גיבסונס,7.0,560.0,7000.0,46.7
72,גרייגוס,1.0,143.0,1000.0,6.7
72,טנקרי,1.0,145.0,1000.0,6.7
72,יין לבן,7.0,196.0,5250.0,35.0
72,ערק עלית,3.0,171.0,2100.0,14.0
72,קאווה,4.0,103.0,2800.0,18.7
72,קוארבו סילבר,2.0,248.0,2000.0,13.3
72,קמפרי,3.0,255.0,3000.0,20.0
72,קריביקה,4.0,208.0,2800.0,18.7
111,אפרול ליטר,1.0,67.0,1000.0,12.5
111,ביפיאטר,2.0,170.0,1400.0,17.5
111,ג'יימסון,1.0,120.0,1000.0,12.5
111,גיבסונס,2.0,160.0,2000.0,25.0
111,ערק עלית,1.0,57.0,700.0,8.8
111,קוארבו סילבר,1.0,124.0,1000.0,12.5
111,קמפרי,1.0,85.0,1000.0,12.5
111,קריביקה,1.0,52.0,700.0,8.8
117,גורדונס 700,1.0,66.0,700.0,2.3
117,גיבסונס,1.0,80.0,1000.0,3.3
117,קוארבו סילבר,2.0,248.0,2000.0,6.7
117,קריביקה,2.0,104.0,1400.0,4.7
137,אפרול ליטר,1.0,67.0,1000.0,4.0
137,גורדונס 700,2.0,132.0,1400.0,5.6
137,גיבסונס,1.0,80.0,1000.0,4.0
137,גרייגוס,1.0,143.0,1000.0,4.0
137,וואן גוך ליטר,1.0,135.0,1000.0,4.0
137,ווילד טרקי,1.0,112.0,700.0,2.8
137,יין לבן,3.0,84.0,2250.0,9.0
137,ליקר טריפל סק בנימינה,1.0,50.0,700.0,2.8
137,ערק עלית,3.0,171.0,2100.0,8.4
137,קוארבו גולד,1.0,124.0,1000.0,4.0
137,קוארבו סילבר,2.0,248.0,2000.0,8.0
137,קריביקה,6.0,312.0,4200.0,16.8
154,ג'יימסון,1.0,120.0,1000.0,25.0
154,ג'ים בים,1.0,127.0,1000.0,25.0
154,גיבסונס,3.0,240.0,3000.0,75.0
154,יין לבן,3.0,84.0,2250.0,56.3
154,ליקר טריפל סק בנימינה,1.0,50.0,700.0,17.5
154,סקיי,1.0,65.0,1000.0,25.0
154,פטרון סילבר,1.0,165.0,1000.0,25.0
154,קאווה,2.0,51.0,1400.0,35.0
154,קריביקה,1.0,52.0,700.0,17.5
162,אוזו מיני,1.0,70.0,700.0,4.7
162,אפרול ליטר,1.0,67.0,1000.0,6.7
162,ג'יימסון,3.0,360.0,3000.0,20.0
162,ג'ק דניאלס,1.0,139.0,1000.0,6.7
162,גיבסונס,6.0,480.0,6000.0,40.0
162,יין לבן,9.0,252.0,6750.0,45.0
162,מרטיני ביאנקו,2.0,111.0,2000.0,13.3
162,ערק עלית,7.0,399.0,4900.0,32.7
162,פינלנדיה,1.0,87.0,1000.0,6.7
162,קוארבו סילבר,1.0,124.0,1000.0,6.7
162,קמפרי,1.0,85.0,1000.0,6.7
162,קריביקה,3.0,156.0,2100.0,14.0
194,גיבסונס,1.0,80.0,1000.0,3.3
194,פינלנדיה,1.0,87.0,1000.0,3.3
194,קריביקה,2.0,104.0,1400.0,4.7
210,אוזו מיני,2.0,140.0,1400.0,4.0
210,ג'יימסון,3.0,360.0,3000.0,8.6
210,ג'ק דניאלס,3.0,417.0,3000.0,8.6
210,גורדונס 700,8.0,529.0,5600.0,16.0
210,גיבסונס,2.0,160.0,2000.0,5.7
210,ווילד טרקי,1.0,112.0,700.0,2.0
210,יין אדום,2.0,56.0,1500.0,4.3
210,יין לבן,3.0,84.0,2250.0,6.4
210,ליקר טריפל סק בנימינה,3.0,150.0,2100.0,6.0
210,ערק אשקלון,1.0,60.0,700.0,2.0
210,ערק עלית,9.0,513.0,6300.0,18.0
210,קאווה,1.0,26.0,700.0,2.0
210,קוארבו סילבר,2.0,248.0,2000.0,5.7
210,קריביקה,2.0,104.0,1400.0,4.0
218,אוזו מיני,1.0,70.0,700.0,38.9
218,גורדונס 700,1.0,66.0,700.0,38.9
218,סקיי,1.0,65.0,1000.0,55.6
218,קריביקה,1.0,52.0,700.0,38.9
219,אוזו מיני,1.0,70.0,700.0,1.8
219,קמפרי,1.0,85.0,1000.0,2.5
219,קריביקה,2.0,104.0,1400.0,3.5
221,ג'יימסון,1.0,120.0,1000.0,5.0
221,גיבסונס,3.0,240.0,3000.0,15.0
221,ליקר טריפל סק בנימינה,1.0,50.0,700.0,3.5
221,קמפרי,1.0,85.0,1000.0,5.0
221,קריביקה,6.0,312.0,4200.0,21.0
222,אוזו מיני,1.0,70.0,700.0,3.5
222,ברנדי 84,1.0,69.0,700.0,3.5
222,ג'יימסון,1.0,120.0,1000.0,5.0
222,גורדונס 700,1.0,66.0,700.0,3.5
222,גיבסונס,3.0,240.0,3000.0,15.0
222,מרטיני ביאנקו,1.0,55.0,1000.0,5.0
222,קריביקה,3.0,156.0,2100.0,10.5
227,אפרול ליטר,1.0,67.0,1000.0,8.0
227,גורדונס 700,2.0,132.0,1400.0,11.2
227,גיבסונס,4.0,320.0,4000.0,32.0
227,גלנליווט פאונדרס,1.0,159.0,700.0,5.6
227,גרייגוס,1.0,143.0,1000.0,8.0
227,וואן גוך ליטר,1.0,135.0,1000.0,8.0
227,יין אדום,2.0,56.0,1500.0,12.0
227,יין לבן,2.0,56.0,1500.0,12.0
227,מקאלן 12,1.0,335.0,700.0,5.6
227,מרטיני רוסו,1.0,55.0,1000.0,8.0
227,ערק עלית,1.0,57.0,700.0,5.6
227,פטרון סילבר,1.0,165.0,1000.0,8.0
227,קוארבו גולד,1.0,124.0,1000.0,8.0
227,קוארבו סילבר,1.0,124.0,1000.0,8.0
227,קמפרי,1.0,85.0,1000.0,8.0
227,קריביקה,3.0,156.0,2100.0,16.8
234,ברנדי 84,2.0,138.0,1400.0,4.0
234,גורדונס 700,4.0,264.0,2800.0,8.0
234,גיבסונס,2.0,160.0,2000.0,5.7
234,ליקר טריפל סק בנימינה,2.0,100.0,1400.0,4.0
234,קוארבו סילבר,1.0,124.0,1000.0,2.9
234,קריביקה,2.0,104.0,1400.0,4.0
249,אוזו מיני,1.0,70.0,700.0,2.8
249,ברנדי 84,1.0,69.0,700.0,2.8
249,ג'יימסון,1.0,120.0,1000.0,4.0
249,קריביקה,1.0,52.0,700.0,2.8
250,אוזו מיני,3.0,210.0,2100.0,14.0
250,בקרדי ליטר,1.0,100.0,1000.0,6.7
250,ג'יימסון,1.0,120.0,1000.0,6.7
250,גיבסונס,2.0,160.0,2000.0,13.3
250,ליקר טריפל סק בנימינה,2.0,100.0,1400.0,9.3
250,קאווה,1.0,26.0,700.0,4.7
250,קריביקה,1.0,52.0,700.0,4.7
251,אפרול ליטר,1.0,67.0,1000.0,10.0
251,גורדונס 700,2.0,132.0,1400.0,14.0
251,גיבסונס,1.0,80.0,1000.0,10.0
251,יין לבן,1.0,28.0,750.0,7.5
251,ליקר קסיס בנימינה,1.0,50.0,700.0,7.0
251,ערק עלית,4.0,228.0,2800.0,28.0
251,קאווה,1.0,26.0,700.0,7.0
251,קוארבו סילבר,1.0,124.0,1000.0,10.0
251,קמפרי,1.0,85.0,1000.0,10.0
251,קריביקה,3.0,156.0,2100.0,21.0
256,בומביי ליטר,1.0,130.0,1000.0,10.0
256,בלוגה,1.0,148.0,1000.0,10.0
256,ג'ים בים,1.0,127.0,1000.0,10.0
256,גיבסונס,2.0,160.0,2000.0,20.0
256,גרייגוס,3.0,429.0,3000.0,30.0
256,ווילד טרקי,1.0,112.0,700.0,7.0
256,יין לבן,1.0,28.0,750.0,7.5
256,ערק אשקלון,1.0,60.0,700.0,7.0
256,קמפרי,1.0,85.0,1000.0,10.0
256,קריביקה,1.0,52.0,700.0,7.0
257,אולמקה סילבר,1.0,105.0,700.0,5.6
257,גיבסונס,1.0,80.0,1000.0,8.0
257,קוארבו סילבר,2.0,248.0,2000.0,16.0
257,קריביקה,2.0,104.0,1400.0,11.2
258,גיבסונס,2.0,160.0,2000.0,5.7
258,פינלנדיה,3.0,262.0,3000.0,8.6
260,אוזו מיני,1.0,70.0,700.0,2.5
260,גורדונס 700,1.0,66.0,700.0,2.5
260,קריביקה,3.0,156.0,2100.0,7.5
266,גורדונס 700,1.0,66.0,700.0,70.0
266,מרטיני ביאנקו,1.0,55.0,1000.0,100.0
266,קריביקה,1.0,52.0,700.0,70.0
269,גורדונס 700,4.0,264.0,2800.0,46.7
269,יין לבן,1.0,28.0,750.0,12.5
269,קריביקה,2.0,104.0,1400.0,23.3
283,גיבסונס,1.0,80.0,1000.0,12.5
283,קוארבו סילבר,2.0,248.0,2000.0,25.0
283,קריביקה,3.0,156.0,2100.0,26.3
292,בושמילס,1.0,115.0,1000.0,2.5
292,ג'יימסון,1.0,120.0,1000.0,2.5
292,ג'ים בים,1.0,127.0,1000.0,2.5
292,גיבסונס,3.0,240.0,3000.0,7.5
292,ליקר קסיס בנימינה,1.0,50.0,700.0,1.8
292,מרטיני רוסו,1.0,55.0,1000.0,2.5
292,פינלנדיה,1.0,87.0,1000.0,2.5
292,קוארבו גולד,2.0,248.0,2000.0,5.0
292,קוארבו סילבר,2.0,248.0,2000.0,5.0
303,גיבסונס,3.0,240.0,3000.0,10.0
303,ליקר קסיס בנימינה,1.0,50.0,700.0,2.3
303,פסקס,2.0,150.0,2000.0,6.7
303,קריביקה,3.0,156.0,2100.0,7.0
304,גיבסונס,1.0,80.0,1000.0,14.3
304,יין אדום,1.0,28.0,750.0,10.7
304,יין לבן,1.0,28.0,750.0,10.7
304,ליקר טריפל סק בנימינה,1.0,50.0,700.0,10.0
304,ערק עלית,1.0,57.0,700.0,10.0
304,קאווה,1.0,26.0,700.0,10.0
304,קוארבו סילבר,1.0,124.0,1000.0,14.3
304,קריביקה,1.0,52.0,700.0,10.0
305,אוזו מיני,1.0,70.0,700.0,2.3
305,אפרול ליטר,1.0,67.0,1000.0,3.3
305,בומביי ליטר,1.0,130.0,1000.0,3.3
305,ג'יימסון,1.0,120.0,1000.0,3.3
305,ג'ים בים,1.0,127.0,1000.0,3.3
305,גיבסונס,7.0,560.0,7000.0,23.3
305,גלנליווט פאונדרס,4.0,636.0,2800.0,9.3
305,גרייגוס,1.0,143.0,1000.0,3.3
305,דיסרונו,1.0,76.0,700.0,2.3
305,וואן גוך ליטר,5.0,675.0,5000.0,16.7
305,יין לבן,14.0,392.0,10500.0,35.0
305,ליקר טריפל סק בנימינה,1.0,50.0,700.0,2.3
305,ערק עלית,10.0,570.0,7000.0,23.3
305,פטרון סילבר,1.0,165.0,1000.0,3.3
305,פינלנדיה,1.0,87.0,1000.0,3.3
305,קאווה,4.0,103.0,2800.0,9.3
305,קריביקה,2.0,104.0,1400.0,4.7
312,אוזו מיני,1.0,70.0,700.0,3.5
312,גיבסונס,5.0,400.0,5000.0,25.0
312,ליקר קסיס בנימינה,1.0,50.0,700.0,3.5
312,פינלנדיה,2.0,175.0,2000.0,10.0
312,קריביקה,4.0,208.0,2800.0,14.0
313,אוזו מיני,1.0,70.0,700.0,23.3
313,גיבסונס,1.0,80.0,1000.0,33.3
313,קריביקה,1.0,52.0,700.0,23.3
315,אפרול ליטר,1.0,67.0,1000.0,16.7
315,בומביי ליטר,1.0,130.0,1000.0,16.7
315,גיבסונס,7.0,560.0,7000.0,116.7
315,גלנליווט פאונדרס,1.0,159.0,700.0,11.7
315,ליקר טריפל סק בנימינה,1.0,50.0,700.0,11.7
315,מרטיני רוסו,1.0,55.0,1000.0,16.7
315,ערק עלית,2.0,114.0,1400.0,23.3
315,קוארבו סילבר,1.0,124.0,1000.0,16.7
315,קמפרי,1.0,85.0,1000.0,16.7
318,בומביי ליטר,2.0,260.0,2000.0,25.0
318,בושמילס,1.0,115.0,1000.0,12.5
318,בלוגה,1.0,148.0,1000.0,12.5
318,ג'ים בים,1.0,127.0,1000.0,12.5
318,גיבסונס,3.0,240.0,3000.0,37.5
318,גלנליווט פאונדרס,1.0,159.0,700.0,8.8
318,גרייגוס,1.0,143.0,1000.0,12.5
318,יין אדום,4.0,112.0,3000.0,37.5
318,יין לבן,7.0,196.0,5250.0,65.6
318,ליקר טריפל סק בנימינה,1.0,50.0,700.0,8.8
318,ערק עלית,1.0,57.0,700.0,8.8
318,פטרון סילבר,2.0,330.0,2000.0,25.0
318,פינלנדיה,1.0,87.0,1000.0,12.5
318,קאווה,1.0,26.0,700.0,8.8
318,קוארבו גולד,1.0,124.0,1000.0,12.5
318,קוארבו סילבר,1.0,124.0,1000.0,12.5
318,קמפרי,1.0,85.0,1000.0,12.5
318,קריביקה,3.0,156.0,2100.0,26.3
323,ברנדי 84,1.0,69.0,700.0,7.0
323,ג'ים בים,1.0,127.0,1000.0,10.0
323,גיבסונס,2.0,160.0,2000.0,20.0
323,קוארבו סילבר,1.0,124.0,1000.0,10.0
326,אוזו מיני,1.0,70.0,700.0,7.0
326,גיבסונס,1.0,80.0,1000.0,10.0
326,ליקר קסיס בנימינה,1.0,50.0,700.0,7.0
326,קריביקה,2.0,104.0,1400.0,14.0
328,אוזו מיני,2.0,140.0,1400.0,17.5
328,גיבסונס,3.0,240.0,3000.0,37.5
328,קריביקה,5.0,260.0,3500.0,43.8
329,אוזו מיני,2.0,140.0,1400.0,4.0
329,גיבסונס,4.0,320.0,4000.0,11.4
329,גיבסונס 700,1.0,60.0,700.0,2.0
329,ליקר טריפל סק בנימינה,1.0,50.0,700.0,2.0
329,מרטיני ביאנקו,1.0,55.0,1000.0,2.9
329,מרטיני רוסו,1.0,55.0,1000.0,2.9
329,קוארבו סילבר,2.0,248.0,2000.0,5.7
335,ג'ים בים,1.0,127.0,1000.0,20.0
335,גיבסונס,5.0,400.0,5000.0,100.0
335,מרטיני רוסו,1.0,55.0,1000.0,20.0
335,קריביקה,2.0,104.0,1400.0,28.0
337,בושמילס,1.0,115.0,1000.0,6.7
337,ג'יימסון,2.0,240.0,2000.0,13.3
337,גיבסונס,7.0,560.0,7000.0,46.7
337,יין אדום,1.0,28.0,750.0,5.0
337,יין לבן,1.0,28.0,750.0,5.0
337,ערק אשקלון,1.0,60.0,700.0,4.7
337,ערק עלית,8.0,456.0,5600.0,37.3
337,פינלנדיה,2.0,175.0,2000.0,13.3
337,קמפרי,2.0,170.0,2000.0,13.3
338,גיבסונס,3.0,240.0,3000.0,60.0
338,יין אדום,2.0,56.0,1500.0,30.0
338,ליקר טריפל סק בנימינה,1.0,50.0,700.0,14.0
338,קאווה,1.0,26.0,700.0,14.0
338,קוארבו סילבר,1.0,124.0,1000.0,20.0
338,קמפרי,1.0,85.0,1000.0,20.0
338,קריביקה,1.0,52.0,700.0,14.0
341,אוזו מיני,2.0,140.0,1400.0,7.0
341,גיבסונס,1.0,80.0,1000.0,5.0
341,ליקר קסיס בנימינה,3.0,150.0,2100.0,10.5
341,מרטיני רוסו,1.0,55.0,1000.0,5.0
341,פינלנדיה,3.0,262.0,3000.0,15.0
341,קמפרי,1.0,85.0,1000.0,5.0
341,קריביקה,8.0,416.0,5600.0,28.0
344,ג'יימסון,1.0,120.0,1000.0,1.3
344,ג'ים בים,3.0,382.0,3000.0,3.8
344,גיבסונס 700,4.0,240.0,2800.0,3.5
344,מרטיני רוסו,1.0,55.0,1000.0,1.3
344,קריביקה,5.0,260.0,3500.0,4.4
348,אוזו מיני,1.0,70.0,700.0,8.8
348,גיבסונס,2.0,160.0,2000.0,25.0
348,פינלנדיה,1.0,87.0,1000.0,12.5
348,קריביקה,1.0,52.0,700.0,8.8
349,אפרול ליטר,2.0,135.0,2000.0,8.0
349,בושמילס,2.0,230.0,2000.0,8.0
349,ג'יימסון,1.0,120.0,1000.0,4.0
349,ג'ים בים,2.0,255.0,2000.0,8.0
349,גיבסונס,7.0,560.0,7000.0,28.0
349,גיבסונס 700,2.0,120.0,1400.0,5.6
349,דיסרונו,1.0,76.0,700.0,2.8
349,יין אדום,1.0,28.0,750.0,3.0
349,יין לבן,3.0,84.0,2250.0,9.0
349,ליקר טריפל סק בנימינה,2.0,100.0,1400.0,5.6
349,ערק עלית,3.0,171.0,2100.0,8.4
349,פינלנדיה,4.0,349.0,4000.0,16.0
349,קוארבו גולד,1.0,124.0,1000.0,4.0
349,קוארבו סילבר,2.0,248.0,2000.0,8.0
349,קמפרי,3.0,255.0,3000.0,12.0
349,קריביקה,4.0,208.0,2800.0,11.2
350,אפרול ליטר,2.0,135.0,2000.0,20.0
350,ג'ים בים,1.0,127.0,1000.0,10.0
350,גיבסונס,2.0,160.0,2000.0,20.0
350,גיבסונס 700,5.0,300.0,3500.0,35.0
350,גלנליווט פאונדרס,1.0,159.0,700.0,7.0
350,דיוארס,1.0,85.0,1000.0,10.0
350,דיסרונו,1.0,76.0,700.0,7.0
350,וואן גוך ליטר,1.0,135.0,1000.0,10.0
350,יין אדום,2.0,56.0,1500.0,15.0
350,יין לבן,2.0,56.0,1500.0,15.0
350,ערק עלית,4.0,228.0,2800.0,28.0
350,קאווה,1.0,26.0,700.0,7.0
350,קוארבו גולד,1.0,124.0,1000.0,10.0
350,קוארבו סילבר,1.0,124.0,1000.0,10.0
350,קמפרי,1.0,85.0,1000.0,10.0
350,קריביקה,4.0,208.0,2800.0,28.0
354,גיבסונס,2.0,160.0,2000.0,25.0
354,פינלנדיה,4.0,349.0,4000.0,50.0
354,קמפרי,1.0,85.0,1000.0,12.5
354,קריביקה,3.0,156.0,2100.0,26.3
356,אוזו לוקאטוס,1.0,75.0,1000.0,6.7
356,ליקר קסיס בנימינה,1.0,50.0,700.0,4.7
356,פינלנדיה,2.0,175.0,2000.0,13.3
356,קריביקה,1.0,52.0,700.0,4.7
358,בומביי ליטר,5.0,650.0,5000.0,25.0
358,ג'ים בים,1.0,127.0,1000.0,5.0
358,ג'ק דניאלס,1.0,139.0,1000.0,5.0
358,גיבסונס,2.0,160.0,2000.0,10.0
358,גלנליווט פאונדרס,1.0,159.0,700.0,3.5
358,יין אדום,2.0,56.0,1500.0,7.5
358,יין לבן,9.0,252.0,6750.0,33.8
358,ערק עלית,5.0,285.0,3500.0,17.5
358,פינלנדיה,1.0,87.0,1000.0,5.0
358,פסקס,4.0,300.0,4000.0,20.0
358,קאווה,1.0,26.0,700.0,3.5
358,קוארבו סילבר,1.0,124.0,1000.0,5.0
358,קמפרי,2.0,170.0,2000.0,10.0
359,אוזו לוקאטוס,1.0,75.0,1000.0,20.0
359,אוזו מיני,1.0,70.0,700.0,14.0
359,גיבסונס,2.0,160.0,2000.0,40.0
359,מרטיני ביאנקו,1.0,55.0,1000.0,20.0
359,קריביקה,4.0,208.0,2800.0,56.0
360,גיבסונס,4.0,320.0,4000.0,20.0
360,פינלנדיה,3.0,262.0,3000.0,15.0
360,קמפרי,2.0,170.0,2000.0,10.0
360,קריביקה,7.0,364.0,4900.0,24.5
363,גיבסונס 700,4.0,240.0,2800.0,18.7
363,יין אדום,1.0,28.0,750.0,5.0
363,מרטיני ביאנקו,1.0,55.0,1000.0,6.7
363,ערק עלית,2.0,114.0,1400.0,9.3
363,פינלנדיה,1.0,87.0,1000.0,6.7
363,קמפרי,1.0,85.0,1000.0,6.7
363,קריביקה,3.0,156.0,2100.0,14.0
365,גיבסונס,1.0,80.0,1000.0,55.6
365,פינלנדיה,2.0,175.0,2000.0,111.1
365,קמפרי,1.0,85.0,1000.0,55.6
370,אוזו מיני,2.0,140.0,1400.0,4.7
370,אפרול ליטר,8.0,538.0,8000.0,26.7
370,בומביי ליטר,6.0,780.0,6000.0,20.0
370,בושמילס,1.0,115.0,1000.0,3.3
370,בלוגה,1.0,148.0,1000.0,3.3
370,ג'יימסון,1.0,120.0,1000.0,3.3
370,גיבסונס,14.0,1120.0,14000.0,46.7
370,גלנליווט פאונדרס,3.0,477.0,2100.0,7.0
370,גרייגוס,2.0,286.0,2000.0,6.7
370,וואן גוך ליטר,1.0,135.0,1000.0,3.3
370,טנקרי,1.0,145.0,1000.0,3.3
370,יין אדום,2.0,56.0,1500.0,5.0
370,יין לבן,19.0,532.0,14250.0,47.5
370,ליקר טריפל סק בנימינה,1.0,50.0,700.0,2.3
370,מרטיני ביאנקו,1.0,55.0,1000.0,3.3
370,ערק עלית,12.0,684.0,8400.0,28.0
370,פטרון סילבר,3.0,495.0,3000.0,10.0
370,פינלנדיה,3.0,262.0,3000.0,10.0
370,קאווה,27.0,695.0,18900.0,63.0
370,קוארבו גולד,1.0,124.0,1000.0,3.3
370,קוארבו סילבר,2.0,248.0,2000.0,6.7
370,קמפרי,2.0,170.0,2000.0,6.7
370,קריביקה,2.0,104.0,1400.0,4.7
371,ג'יימסון,1.0,120.0,1000.0,50.0
371,ג'ים בים,1.0,127.0,1000.0,50.0
371,גיבסונס,1.0,80.0,1000.0,50.0
378,אוזו מיני,2.0,140.0,1400.0,4.7
378,גיבסונס,5.0,400.0,5000.0,16.7
378,מרטיני ביאנקו,1.0,55.0,1000.0,3.3
378,מרטיני רוסו,1.0,55.0,1000.0,3.3
378,פינלנדיה,1.0,87.0,1000.0,3.3
378,קריביקה,5.0,260.0,3500.0,11.7
379,ג'יימסון,1.0,120.0,1000.0,20.0
379,גיבסונס,4.0,320.0,4000.0,80.0
379,יין אדום ויתקין,5.0,280.0,3750.0,75.0
379,יין לבן ויתקין,7.0,392.0,5250.0,105.0
379,יין רוזה ויתקין,2.0,112.0,1500.0,30.0
379,קאווה,1.0,26.0,700.0,14.0
379,קריביקה,2.0,104.0,1400.0,28.0
387,גיבסונס,1.0,80.0,1000.0,25.0
387,ליקר קסיס בנימינה,1.0,50.0,700.0,17.5
387,פינלנדיה,1.0,87.0,1000.0,25.0
387,קריביקה,1.0,52.0,700.0,17.5
388,ערק עלית,1.0,57.0,700.0,23.3
388,קריביקה,1.0,52.0,700.0,23.3
394,גיבסונס,4.0,320.0,4000.0,26.7
394,פינלנדיה,2.0,175.0,2000.0,13.3
394,קמפרי,1.0,85.0,1000.0,6.7
394,קריביקה,5.0,260.0,3500.0,23.3
395,בושמילס,1.0,115.0,1000.0,20.0
395,ג'ים בים,1.0,127.0,1000.0,20.0
395,גיבסונס,2.0,160.0,2000.0,40.0
395,קוארבו סילבר,1.0,124.0,1000.0,20.0
405,אפרול ליטר,1.0,67.0,1000.0,12.5
405,בומביי 700,1.0,109.0,700.0,8.8
405,ג'יימסון,1.0,120.0,1000.0,12.5
405,גיבסונס,3.0,240.0,3000.0,37.5
405,גרייגוס,1.0,143.0,1000.0,12.5
405,טנקרי,1.0,145.0,1000.0,12.5
405,יין לבן,2.0,56.0,1500.0,18.8
405,ליקר טריפל סק בנימינה,1.0,50.0,700.0,8.8
405,פינלנדיה,1.0,87.0,1000.0,12.5
405,קאווה,2.0,51.0,1400.0,17.5
405,קוארבו גולד,1.0,124.0,1000.0,12.5
405,קוארבו סילבר,3.0,372.0,3000.0,37.5
405,קריביקה,1.0,52.0,700.0,8.8
406,גיבסונס,1.0,80.0,1000.0,33.3
406,קוארבו גולד,1.0,124.0,1000.0,33.3
406,קוארבו סילבר,1.0,124.0,1000.0,33.3
406,קריביקה,1.0,52.0,700.0,23.3
411,גיבסונס,1.0,80.0,1000.0,33.3
411,קריביקה,1.0,52.0,700.0,23.3
413,אפרול ליטר,5.0,336.0,5000.0,20.0
413,בומביי 700,3.0,327.0,2100.0,8.4
413,ג'יימסון,1.0,120.0,1000.0,4.0
413,ג'ים בים,1.0,127.0,1000.0,4.0
413,גיבסונס,6.0,480.0,6000.0,24.0
413,גלנליווט פאונדרס,5.0,795.0,3500.0,14.0
413,טנקרי,1.0,145.0,1000.0,4.0
413,יין לבן,17.0,476.0,12750.0,51.0
413,מרטיני ביאנקו,1.0,55.0,1000.0,4.0
413,ערק עלית,3.0,171.0,2100.0,8.4
413,קאווה,5.0,129.0,3500.0,14.0
413,קוארבו גולד,1.0,124.0,1000.0,4.0
413,קמפרי,2.0,170.0,2000.0,8.0
413,קריביקה,6.0,312.0,4200.0,16.8
416,ג'ים בים,1.0,127.0,1000.0,66.7
416,ליקר טריפל סק בנימינה,1.0,50.0,700.0,46.7
416,קריביקה,1.0,52.0,700.0,46.7
417,אפרול ליטר,1.0,67.0,1000.0,5.0
417,בומביי ליטר,1.0,130.0,1000.0,5.0
417,ג'יימסון,1.0,120.0,1000.0,5.0
417,ג'ים בים,1.0,127.0,1000.0,5.0
417,ג'ק דניאלס,1.0,139.0,1000.0,5.0
417,גורדונס 700,8.0,529.0,5600.0,28.0
417,גלנליווט פאונדרס,2.0,318.0,1400.0,7.0
417,יין אדום ויתקין,1.0,56.0,750.0,3.8
417,יין לבן,2.0,56.0,1500.0,7.5
417,יין לבן ויתקין,6.0,336.0,4500.0,22.5
417,מרטיני ביאנקו,1.0,55.0,1000.0,5.0
417,מרטיני רוסו,1.0,55.0,1000.0,5.0
417,ערק עלית,2.0,114.0,1400.0,7.0
417,פינלנדיה,1.0,87.0,1000.0,5.0
417,קאווה,9.0,232.0,6300.0,31.5
417,קמפרי,2.0,170.0,2000.0,10.0
418,ברנדי 84,1.0,69.0,700.0,4.7
418,גיבסונס,3.0,240.0,3000.0,20.0
418,נגריטה ליטר,1.0,103.0,1000.0,6.7
418,פינלנדיה,3.0,262.0,3000.0,20.0
418,קוארבו סילבר,1.0,124.0,1000.0,6.7
423,אוזו מיני,1.0,70.0,700.0,8.8
423,ג'ק דניאלס,2.0,278.0,2000.0,25.0
423,גיבסונס,4.0,320.0,4000.0,50.0
423,גלנליווט פאונדרס,2.0,318.0,1400.0,17.5
423,יין אדום,1.0,28.0,750.0,9.4
423,יין לבן,6.0,168.0,4500.0,56.3
423,ליקר קסיס בנימינה,1.0,50.0,700.0,8.8
423,מרטיני רוסו,1.0,55.0,1000.0,12.5
423,ערק עלית,1.0,57.0,700.0,8.8
423,פטרון סילבר,1.0,165.0,1000.0,12.5
423,קאווה,1.0,26.0,700.0,8.8
423,קוארבו סילבר,1.0,124.0,1000.0,12.5
423,קמפרי,1.0,85.0,1000.0,12.5
423,קריביקה,1.0,52.0,700.0,8.8
425,גיבסונס,1.0,80.0,1000.0,50.0
425,קריביקה,2.0,104.0,1400.0,70.0
433,ברנדי 84,1.0,69.0,700.0,3.5
433,גיבסונס,5.0,400.0,5000.0,25.0
433,פינלנדיה,1.0,87.0,1000.0,5.0
433,קוארבו סילבר,2.0,248.0,2000.0,10.0
436,אוזו מיני,1.0,70.0,700.0,2.0
436,אמיסריו סילבר,3.0,235.0,3000.0,8.6
436,אפרול ליטר,9.0,605.0,9000.0,25.7
436,בומביי ליטר,5.0,650.0,5000.0,14.3
436,ג'ים בים,1.0,127.0,1000.0,2.9
436,גורדונס 700,13.0,859.0,9100.0,26.0
436,גלנליווט פאונדרס,1.0,159.0,700.0,2.0
436,גרייגוס,5.0,715.0,5000.0,14.3
436,וואן גוך ליטר,2.0,270.0,2000.0,5.7
436,טנקרי,4.0,580.0,4000.0,11.4
436,יין אדום ויתקין,2.0,112.0,1500.0,4.3
436,יין לבן ויתקין,16.0,896.0,12000.0,34.3
436,יין רוזה ויתקין,3.0,168.0,2250.0,6.4
436,מון בלאן,4.0,480.0,4000.0,11.4
436,מרטיני רוסו,1.0,55.0,1000.0,2.9
436,ערק עלית,15.0,855.0,10500.0,30.0
436,פטרון סילבר,2.0,330.0,2000.0,5.7
436,פינלנדיה,3.0,262.0,3000.0,8.6
436,קאווה,26.0,669.0,18200.0,52.0
436,קמפרי,5.0,425.0,5000.0,14.3
436,קנוקה,2.0,153.0,2000.0,5.7
437,גיבסונס,1.0,80.0,1000.0,25.0
437,ליקר טריפל סק בנימינה,1.0,50.0,700.0,17.5
437,פינלנדיה,3.0,262.0,3000.0,75.0
439,ברנדי 84,1.0,69.0,700.0,10.0
439,גיבסונס,1.0,80.0,1000.0,14.3
439,נגריטה ליטר,1.0,103.0,1000.0,14.3
439,קוארבו סילבר,1.0,124.0,1000.0,14.3
441,גיבסונס,3.0,240.0,3000.0,20.0
441,יין אדום,1.0,28.0,750.0,5.0
441,יין לבן,2.0,56.0,1500.0,10.0
441,ליקר קסיס בנימינה,2.0,100.0,1400.0,9.3
441,פינלנדיה,3.0,262.0,3000.0,20.0
441,פסקס,2.0,150.0,2000.0,13.3
441,קאווה,2.0,51.0,1400.0,9.3
443,גיבסונס,1.0,80.0,1000.0,40.0
443,קריביקה,2.0,104.0,1400.0,56.0
444,בלוגה,2.0,296.0,2000.0,40.0
444,גיבסונס,3.0,240.0,3000.0,60.0
444,יין לבן,3.0,84.0,2250.0,45.0
444,ערק עלית,7.0,399.0,4900.0,98.0
444,קוארבו סילבר,1.0,124.0,1000.0,20.0
444,קריביקה,2.0,104.0,1400.0,28.0
445,גיבסונס,2.0,160.0,2000.0,28.6
445,יין אדום,2.0,56.0,1500.0,21.4
445,יין לבן,2.0,56.0,1500.0,21.4
445,קוארבו גולד,1.0,124.0,1000.0,14.3
445,קריביקה,2.0,104.0,1400.0,20.0
447,ג'ק דניאלס דבש,1.0,140.0,700.0,14.0
447,גיבסונס,1.0,80.0,1000.0,20.0
447,יין אדום,1.0,28.0,750.0,15.0
447,יין לבן,1.0,28.0,750.0,15.0
447,יין רוזה ויתקין,1.0,56.0,750.0,15.0
447,ליקר טריפל סק בנימינה,1.0,50.0,700.0,14.0
447,ערק עלית,3.0,171.0,2100.0,42.0
447,קאווה,2.0,51.0,1400.0,28.0
447,קוארבו סילבר,4.0,496.0,4000.0,80.0
448,גיבסונס,1.0,80.0,1000.0,66.7
448,ליקר טריפל סק בנימינה,1.0,50.0,700.0,46.7
448,קמפרי,1.0,85.0,1000.0,66.7
448,קריביקה,1.0,52.0,700.0,46.7
449,ג'ים בים,4.0,510.0,4000.0,20.0
449,גיבסונס,4.0,320.0,4000.0,20.0
449,קאווה,6.0,154.0,4200.0,21.0
449,קוארבו סילבר,2.0,248.0,2000.0,10.0
457,גיבסונס,11.0,880.0,11000.0,22.0
457,ליקר קסיס בנימינה,4.0,200.0,2800.0,5.6
457,פינלנדיה,5.0,437.0,5000.0,10.0
457,פסקס,6.0,450.0,6000.0,12.0
457,קוארבו סילבר,5.0,620.0,5000.0,10.0
457,קריביקה,8.0,416.0,5600.0,11.2
462,גיבסונס,1.0,80.0,1000.0,16.7
462,ליקר טריפל סק בנימינה,1.0,50.0,700.0,11.7
462,קוארבו סילבר,1.0,124.0,1000.0,16.7
463,גיבסונס,5.0,400.0,5000.0,25.0
463,יין אדום,6.0,168.0,4500.0,22.5
463,יין לבן,1.0,28.0,750.0,3.8
463,נגריטה ליטר,4.0,412.0,4000.0,20.0
463,קריביקה,1.0,52.0,700.0,3.5
471,אפטרוורק,2.0,138.0,1400.0,14.0
471,גיבסונס,3.0,240.0,3000.0,30.0
471,נגריטה ליטר,1.0,103.0,1000.0,10.0
471,פינלנדיה,2.0,175.0,2000.0,20.0
471,קוארבו סילבר,1.0,124.0,1000.0,10.0
476,בומביי ליטר,1.0,130.0,1000.0,14.3
476,גורדונס 700,2.0,132.0,1400.0,20.0
476,גלנליווט פאונדרס,1.0,159.0,700.0,10.0
476,ליקר טריפל סק בנימינה,1.0,50.0,700.0,10.0
476,מאנקי שולדרס,1.0,120.0,700.0,10.0
476,מרטיני ביאנקו,1.0,55.0,1000.0,14.3
476,ערק עלית,2.0,114.0,1400.0,20.0
476,פטרון סילבר,1.0,165.0,1000.0,14.3
476,קאווה,2.0,51.0,1400.0,20.0
476,קוארבו גולד,1.0,124.0,1000.0,14.3
476,קנוקה,1.0,76.0,1000.0,14.3
477,גורדונס 700,1.0,66.0,700.0,35.0
477,ליקר טריפל סק בנימינה,1.0,50.0,700.0,35.0
477,קנוקה,1.0,76.0,1000.0,50.0
484,אפרול ליטר,1.0,67.0,1000.0,6.7
484,בושמילס,2.0,230.0,2000.0,13.3
484,גורדונס 700,10.0,661.0,7000.0,46.7
484,גלנליווט פאונדרס,3.0,477.0,2100.0,14.0
484,גרייגוס,1.0,143.0,1000.0,6.7
484,היין VSOP,1.0,200.0,700.0,4.7
484,יין אדום,1.0,28.0,750.0,5.0
484,יין לבן,5.0,140.0,3750.0,25.0
484,ליקר קסיס בנימינה,2.0,100.0,1400.0,9.3
484,מאנקי שולדרס,1.0,120.0,700.0,4.7
484,מון בלאן,1.0,120.0,1000.0,6.7
484,מרטיני רוסו,1.0,55.0,1000.0,6.7
484,פטרון סילבר,1.0,165.0,1000.0,6.7
484,פינלנדיה,3.0,262.0,3000.0,20.0
484,קאווה,1.0,26.0,700.0,4.7
484,קוארבו סילבר,2.0,248.0,2000.0,13.3
484,קמפרי,1.0,85.0,1000.0,6.7
484,קנוקה,1.0,76.0,1000.0,6.7
489,אפטרוורק,1.0,69.0,700.0,43.8
489,נגריטה ליטר,1.0,103.0,1000.0,62.5
489,קאווה,1.0,26.0,700.0,43.8
489,קוארבו סילבר,1.0,124.0,1000.0,62.5
490,ברנדי 84,1.0,69.0,700.0,4.7
490,גורדונס 700,3.0,198.0,2100.0,14.0
490,ליקר קסיס בנימינה,3.0,150.0,2100.0,14.0
490,מרטיני רוסו,1.0,55.0,1000.0,6.7
490,פינלנדיה,3.0,262.0,3000.0,20.0
490,קנוקה,3.0,229.0,3000.0,20.0
491,אפטרוורק,7.0,483.0,4900.0,37.7
491,ג'יימסון,2.0,240.0,2000.0,15.4
491,יין אדום,1.0,28.0,750.0,5.8
491,יין לבן,7.0,196.0,5250.0,40.4
491,מרטיני רוסו,1.0,55.0,1000.0,7.7
491,נגריטה ליטר,1.0,103.0,1000.0,7.7
491,ערק עלית,4.0,228.0,2800.0,21.5
491,קוארבו סילבר,4.0,496.0,4000.0,30.8
491,קריביקה,3.0,156.0,2100.0,16.2
493,אפטרוורק,4.0,276.0,2800.0,31.1
493,יין אדום,6.0,168.0,4500.0,50.0
493,יין לבן,3.0,84.0,2250.0,25.0
493,ליקר טריפל סק בנימינה,1.0,50.0,700.0,7.8
493,נגריטה ליטר,1.0,103.0,1000.0,11.1
493,קאווה,2.0,51.0,1400.0,15.6
493,קוארבו סילבר,2.0,248.0,2000.0,22.2
494,אפטרוורק,1.0,69.0,700.0,10.0
494,יין אדום,4.0,112.0,3000.0,42.9
494,נגריטה ליטר,1.0,103.0,1000.0,14.3
496,אפטרוורק,8.0,552.0,5600.0,37.3
496,יין לבן,3.0,84.0,2250.0,15.0
496,קוארבו סילבר,3.0,372.0,3000.0,20.0
496,קריביקה,6.0,312.0,4200.0,28.0
497,אפטרוורק,1.0,69.0,700.0,15.6
497,נגריטה ליטר,2.0,206.0,2000.0,44.4
497,קוארבו סילבר,1.0,124.0,1000.0,22.2
497,קמפרי,1.0,85.0,1000.0,22.2
498,אפטרוורק,3.0,207.0,2100.0,21.0
498,אפרול ליטר,1.0,67.0,1000.0,10.0
498,בומביי ליטר,1.0,130.0,1000.0,10.0
498,בקרדי ליטר,1.0,100.0,1000.0,10.0
498,גלנליווט פאונדרס,1.0,159.0,700.0,7.0
498,וואן גוך ליטר,1.0,135.0,1000.0,10.0
498,יין לבן,2.0,56.0,1500.0,15.0
498,מאנקי שולדרס,1.0,120.0,700.0,7.0
498,נגריטה ליטר,2.0,206.0,2000.0,20.0
498,ערק עלית,2.0,114.0,1400.0,14.0
498,קאווה,1.0,26.0,700.0,7.0
498,קוארבו סילבר,2.0,248.0,2000.0,20.0
498,קמפרי,1.0,85.0,1000.0,10.0
503,אפטרוורק,2.0,138.0,1400.0,14.0
503,גלנליווט פאונדרס,2.0,318.0,1400.0,14.0
503,ליקר טריפל סק בנימינה,2.0,100.0,1400.0,14.0
503,מאנקי שולדרס,1.0,120.0,700.0,7.0
503,נגריטה ליטר,2.0,206.0,2000.0,20.0
503,פטרון סילבר,1.0,165.0,1000.0,10.0
503,קוארבו גולד,2.0,248.0,2000.0,20.0
503,קוארבו סילבר,4.0,496.0,4000.0,40.0
503,קריביקה,3.0,156.0,2100.0,21.0
509,בומביי ליטר,1.0,130.0,1000.0,33.3
509,פינלנדיה,1.0,87.0,1000.0,33.3
509,קוארבו סילבר,1.0,124.0,1000.0,33.3
514,בומביי ליטר,1.0,130.0,1000.0,20.0
514,ג'יימסון,1.0,120.0,1000.0,20.0
514,ג'ים בים,1.0,127.0,1000.0,20.0
514,יין לבן,1.0,28.0,750.0,15.0
514,קוארבו גולד,2.0,248.0,2000.0,40.0
514,קנוקה,2.0,153.0,2000.0,40.0
516,אוזו מיני,2.0,140.0,1400.0,9.3
516,גורדונס 700,1.0,66.0,700.0,4.7
516,ליקר קסיס בנימינה,1.0,50.0,700.0,4.7
516,מרטיני ביאנקו,1.0,55.0,1000.0,6.7
516,פינלנדיה,2.0,175.0,2000.0,13.3
517,גורדונס 700,3.0,198.0,2100.0,7.0
517,קמפרי,1.0,85.0,1000.0,3.3
517,קנוקה,5.0,382.0,5000.0,16.7
519,אוזו פלומרי,1.0,99.0,1000.0,10.0
519,גורדונס 700,2.0,132.0,1400.0,14.0
519,יין לבן ויתקין,1.0,56.0,750.0,7.5
519,יין רוזה ויתקין,1.0,56.0,750.0,7.5
519,ליקר קסיס בנימינה,2.0,100.0,1400.0,14.0
519,פינלנדיה,3.0,262.0,3000.0,30.0
523,אמיסריו סילבר,2.0,156.0,2000.0,40.0
523,אפרול ליטר,1.0,67.0,1000.0,20.0
523,בומביי ליטר,1.0,130.0,1000.0,20.0
523,ג'יימסון,2.0,240.0,2000.0,40.0
523,ג'ים בים,1.0,127.0,1000.0,20.0
523,גורדונס 700,3.0,198.0,2100.0,42.0
523,מאנקי שולדרס,2.0,240.0,1400.0,28.0
523,פטרון סילבר,1.0,165.0,1000.0,20.0
523,קאווה,3.0,77.0,2100.0,42.0
523,קנוקה,1.0,76.0,1000.0,20.0
526,גורדונס 700,3.0,198.0,2100.0,42.0
526,גרייגוס,2.0,286.0,2000.0,40.0
526,ליקר טריפל סק בנימינה,3.0,150.0,2100.0,42.0
526,פטרון סילבר,2.0,330.0,2000.0,40.0
526,קוארבו גולד,2.0,248.0,2000.0,40.0
526,קוארבו סילבר,1.0,124.0,1000.0,20.0
526,קנוקה,1.0,76.0,1000.0,20.0
528,אוזו מיני,2.0,140.0,1400.0,5.6
528,גורדונס 700,3.0,198.0,2100.0,8.4
528,פינלנדיה,1.0,87.0,1000.0,4.0
528,קוארבו סילבר,1.0,124.0,1000.0,4.0
528,קנוקה,3.0,229.0,3000.0,12.0
532,גורדונס 700,1.0,66.0,700.0,14.0
532,קוארבו גולד,1.0,124.0,1000.0,20.0
532,קנוקה,2.0,153.0,2000.0,40.0
537,ג'ים בים,1.0,127.0,1000.0,16.7
537,גורדונס 700,1.0,66.0,700.0,11.7
537,פינלנדיה,1.0,87.0,1000.0,16.7
538,גורדונס 700,1.0,66.0,700.0,28.0
538,פינלנדיה,2.0,175.0,2000.0,80.0
542,גורדונס 700,4.0,264.0,2800.0,9.3
542,ליקר טריפל סק בנימינה,2.0,100.0,1400.0,4.7
542,פינלנדיה,1.0,87.0,1000.0,3.3
542,קוארבו גולד,1.0,124.0,1000.0,3.3
542,קנוקה,2.0,153.0,2000.0,6.7
546,גורדונס 700,3.0,198.0,2100.0,17.5
546,ליקר קסיס בנימינה,1.0,50.0,700.0,5.8
546,פינלנדיה,2.0,175.0,2000.0,16.7
546,קנוקה,1.0,76.0,1000.0,8.3
548,גורדונס 700,1.0,66.0,700.0,8.8
548,מרטיני רוסו,1.0,55.0,1000.0,12.5
548,קנוקה,1.0,76.0,1000.0,12.5
553,בומביי ליטר,1.0,130.0,1000.0,12.5
553,גורדונס 700,3.0,198.0,2100.0,26.3
553,גלנליווט פאונדרס,2.0,318.0,1400.0,17.5
553,גרייגוס,2.0,286.0,2000.0,25.0
553,יין אדום,1.0,28.0,750.0,9.4
553,יין לבן,1.0,28.0,750.0,9.4
553,ערק עלית,5.0,285.0,3500.0,43.8
553,פינלנדיה,1.0,87.0,1000.0,12.5
553,קנוקה,2.0,153.0,2000.0,25.0
554,גורדונס 700,2.0,132.0,1400.0,28.0
554,ליקר קסיס בנימינה,1.0,50.0,700.0,14.0
554,קנוקה,2.0,153.0,2000.0,40.0
555,אמיסריו סילבר,2.0,156.0,2000.0,44.4
555,גורדונס 700,4.0,264.0,2800.0,62.2
555,קאווה,3.0,77.0,2100.0,46.7
559,גורדונס 700,1.0,66.0,700.0,35.0
559,פינלנדיה,1.0,87.0,1000.0,50.0
559,קנוקה,2.0,153.0,2000.0,100.0
561,גורדונס 700,1.0,66.0,700.0,23.3
561,פינלנדיה,1.0,87.0,1000.0,33.3
561,קנוקה,1.0,76.0,1000.0,33.3
562,אמיסריו סילבר,1.0,78.0,1000.0,5.0
562,גורדונס 700,2.0,132.0,1400.0,7.0
562,ליקר קסיס בנימינה,2.0,100.0,1400.0,7.0
562,פינלנדיה,1.0,87.0,1000.0,5.0
562,קנוקה,2.0,153.0,2000.0,10.0
564,אמיסריו סילבר,1.0,78.0,1000.0,20.0
564,גורדונס 700,2.0,132.0,1400.0,28.0
564,מאנקי שולדרס,1.0,120.0,700.0,14.0
564,קאווה,2.0,51.0,1400.0,28.0
564,קמפרי,1.0,85.0,1000.0,20.0
567,אמיסריו סילבר,1.0,78.0,1000.0,16.7
567,אפרול ליטר,1.0,67.0,1000.0,16.7
567,ג'ים בים,1.0,127.0,1000.0,16.7
567,גורדונס 700,2.0,132.0,1400.0,23.3
567,יין לבן,1.0,28.0,750.0,12.5
567,מרטיני ביאנקו,1.0,55.0,1000.0,16.7
571,ג'יימסון,1.0,120.0,1000.0,16.7
571,גורדונס 700,1.0,66.0,700.0,11.7
571,יין אדום,1.0,28.0,750.0,12.5
571,קאווה,1.0,26.0,700.0,11.7
573,גורדונס 700,1.0,66.0,700.0,3.5
573,קנוקה,2.0,153.0,2000.0,10.0
576,גורדונס 700,1.0,66.0,700.0,14.0
576,יין אדום,1.0,28.0,750.0,15.0
576,קאווה,1.0,26.0,700.0,14.0
576,קוארבו סילבר,2.0,248.0,2000.0,40.0
576,קנוקה,2.0,153.0,2000.0,40.0
578,גורדונס 700,3.0,198.0,2100.0,35.0
578,קמפרי,1.0,85.0,1000.0,16.7
578,קנוקה,3.0,229.0,3000.0,50.0
579,ג'יימסון,1.0,120.0,1000.0,12.5
579,גורדונס 700,4.0,264.0,2800.0,35.0
579,קאווה,1.0,26.0,700.0,8.8
582,גורדונס 700,1.0,66.0,700.0,3.5
582,קנוקה,4.0,306.0,4000.0,20.0
583,אפרול ליטר,1.0,67.0,1000.0,7.7
583,בומביי ליטר,1.0,130.0,1000.0,7.7
583,ג'ק דניאלס,1.0,139.0,1000.0,7.7
583,גורדונס 700,5.0,330.0,3500.0,26.9
583,גלנליווט פאונדרס,2.0,318.0,1400.0,10.8
583,וואן גוך ליטר,1.0,135.0,1000.0,7.7
583,יין אדום,2.0,56.0,1500.0,11.5
583,יין לבן,6.0,168.0,4500.0,34.6
583,מאנקי שולדרס,1.0,120.0,700.0,5.4
583,ערק עלית,2.0,114.0,1400.0,10.8
583,קאווה,3.0,77.0,2100.0,16.2
583,קנוקה,5.0,382.0,5000.0,38.5
584,גורדונס 700,2.0,132.0,1400.0,31.1
584,יין לבן,1.0,28.0,750.0,16.7
584,קנוקה,1.0,76.0,1000.0,22.2
587,אוזו 7,1.0,58.0,700.0,1.8
587,גורדונס 700,4.0,264.0,2800.0,7.0
587,קנוקה,1.0,76.0,1000.0,2.5
590,גורדונס 700,3.0,198.0,2100.0,21.0
590,פינלנדיה,2.0,175.0,2000.0,20.0
590,קנוקה,2.0,153.0,2000.0,20.0
592,גורדונס 700,7.0,463.0,4900.0,32.7
592,קאווה,2.0,51.0,1400.0,9.3
592,קנוקה,3.0,229.0,3000.0,20.0
593,יין אדום,4.0,112.0,3000.0,30.0
600,גורדונס 700,2.0,132.0,1400.0,12.7
600,ליקר קסיס בנימינה,1.0,50.0,700.0,6.4
600,ערק עלית,2.0,114.0,1400.0,12.7
600,פינלנדיה,1.0,87.0,1000.0,9.1
600,קמפרי,1.0,85.0,1000.0,9.1
601,אמיסריו סילבר,2.0,156.0,2000.0,13.3
601,ג'יימסון,2.0,240.0,2000.0,13.3
601,גורדונס 700,1.0,66.0,700.0,4.7
601,יין אדום,1.0,28.0,750.0,5.0
601,יין לבן,4.0,112.0,3000.0,20.0
601,קאווה,1.0,26.0,700.0,4.7
601,קמפרי,1.0,85.0,1000.0,6.7
601,קנוקה,1.0,76.0,1000.0,6.7
603,אמיסריו סילבר,5.0,391.0,5000.0,5.6
603,גורדונס 700,3.0,198.0,2100.0,2.3
603,קאווה,5.0,129.0,3500.0,3.9
603,קמפרי,2.0,170.0,2000.0,2.2
603,קנוקה,6.0,458.0,6000.0,6.7
605,גורדונס 700,2.0,132.0,1400.0,46.7
605,יין אדום,1.0,28.0,750.0,25.0
605,יין לבן,2.0,56.0,1500.0,50.0
605,ליקר טריפל סק בנימינה,1.0,50.0,700.0,23.3
605,קמפרי,1.0,85.0,1000.0,33.3
605,קנוקה,1.0,76.0,1000.0,33.3
608,אמיסריו סילבר,1.0,78.0,1000.0,10.0
608,גורדונס 700,2.0,132.0,1400.0,14.0
608,יין אדום,1.0,28.0,750.0,7.5
620,פינלנדיה,1.0,87.0,1000.0,10.0
620,קנוקה,2.0,153.0,2000.0,20.0
622,יין אדום,1.0,28.0,750.0,18.8
622,קאווה,2.0,51.0,1400.0,35.0
623,אוזו 7,5.0,289.0,3500.0,10.0
623,אמיסריו סילבר,7.0,547.0,7000.0,20.0
623,אפרול ליטר,8.0,538.0,8000.0,22.9
623,בומביי ליטר,2.0,260.0,2000.0,5.7
623,בקרדי ליטר,2.0,200.0,2000.0,5.7
623,ג'ק דניאלס,1.0,139.0,1000.0,2.9
623,גורדונס ליטר,6.0,559.0,6000.0,17.1
623,גלנפידיך 12,4.0,632.0,2800.0,8.0
623,גרייגוס,2.0,286.0,2000.0,5.7
623,היין VSOP,1.0,200.0,700.0,2.0
623,יין אדום,2.0,56.0,1500.0,4.3
623,יין לבן,20.0,560.0,15000.0,42.9
623,יין לבן ויתקין,4.0,224.0,3000.0,8.6
623,ליקר טריפל סק בנימינה,2.0,100.0,1400.0,4.0
623,מאנקי שולדרס,2.0,240.0,1400.0,4.0
623,מון בלאן,1.0,120.0,1000.0,2.9
623,ערק עלית,13.0,741.0,9100.0,26.0
623,פטרון סילבר,5.0,825.0,5000.0,14.3
623,פינלנדיה,2.0,175.0,2000.0,5.7
623,קאווה,22.0,566.0,15400.0,44.0
623,קמפרי,4.0,340.0,4000.0,11.4
623,קנוקה,4.0,306.0,4000.0,11.4
628,גורדונס 700,1.0,66.0,700.0,14.0
628,קאווה,2.0,51.0,1400.0,28.0
628,קנוקה,1.0,76.0,1000.0,20.0
632,גורדונס 700,3.0,198.0,2100.0,26.3
632,ליקר קסיס בנימינה,1.0,50.0,700.0,8.8
632,פינלנדיה,2.0,175.0,2000.0,25.0
635,אמיסריו גולד,1.0,78.0,1000.0,10.0
635,גורדונס 700,5.0,330.0,3500.0,35.0
635,ערק עלית,2.0,114.0,1400.0,14.0
635,קאווה,1.0,26.0,700.0,7.0
635,קנוקה,2.0,153.0,2000.0,20.0
640,אמיסריו סילבר,5.0,391.0,5000.0,14.3
640,בקרדי ליטר,1.0,100.0,1000.0,2.9
640,ג'ים בים,1.0,127.0,1000.0,2.9
640,ג'ק דניאלס,1.0,139.0,1000.0,2.9
640,גורדונס 700,12.0,793.0,8400.0,24.0
640,יין לבן,7.0,196.0,5250.0,15.0
640,מרטיני רוסו,1.0,55.0,1000.0,2.9
640,ערק עלית,3.0,171.0,2100.0,6.0
640,פינלנדיה,2.0,175.0,2000.0,5.7
640,קאווה,1.0,26.0,700.0,2.0
640,קמפרי,2.0,170.0,2000.0,5.7
640,קנוקה,3.0,229.0,3000.0,8.6
643,אמיסריו סילבר,1.0,78.0,1000.0,33.3
643,קנוקה,1.0,76.0,1000.0,33.3
644,אוזו 7,1.0,58.0,700.0,7.0
644,אמיסריו סילבר,2.0,156.0,2000.0,20.0
644,אפרול ליטר,1.0,67.0,1000.0,10.0
644,בקרדי ליטר,3.0,300.0,3000.0,30.0
644,ג'יימסון,2.0,240.0,2000.0,20.0
644,ג'ים בים,1.0,127.0,1000.0,10.0
644,גורדונס 700,3.0,198.0,2100.0,21.0
644,גלנפידיך 12,1.0,158.0,700.0,7.0
644,גראנטס,1.0,89.0,1000.0,10.0
644,גרייגוס,2.0,286.0,2000.0,20.0
644,וואן גוך ליטר,2.0,270.0,2000.0,20.0
644,מאנקי שולדרס,1.0,120.0,700.0,7.0
644,מון בלאן,1.0,120.0,1000.0,10.0
644,ערק עלית,5.0,285.0,3500.0,35.0
644,פטרון סילבר,2.0,330.0,2000.0,20.0
644,פינלנדיה,5.0,437.0,5000.0,50.0
644,קאווה,4.0,103.0,2800.0,28.0
644,קמפרי,1.0,85.0,1000.0,10.0
644,קנוקה,5.0,382.0,5000.0,50.0
646,אמיסריו גולד,1.0,78.0,1000.0,6.7
646,גורדונס 700,6.0,396.0,4200.0,28.0
646,קאווה,4.0,103.0,2800.0,18.7
646,קנוקה,2.0,153.0,2000.0,13.3
647,גורדונס 700,2.0,132.0,1400.0,28.0
647,קאווה,1.0,26.0,700.0,14.0
647,קנוקה,1.0,76.0,1000.0,20.0
648,גורדונס 700,4.0,264.0,2800.0,14.0
648,ליקר קסיס בנימינה,1.0,50.0,700.0,3.5
648,פינלנדיה,2.0,175.0,2000.0,10.0
648,קאווה,2.0,51.0,1400.0,7.0
648,קנוקה,4.0,306.0,4000.0,20.0
651,גורדונס 700,1.0,66.0,700.0,23.3
651,מרטיני רוסו,1.0,55.0,1000.0,33.3
651,פינלנדיה,1.0,87.0,1000.0,33.3
651,קנוקה,1.0,76.0,1000.0,33.3
654,גורדונס 700,1.0,66.0,700.0,23.3
654,מרטיני ביאנקו,1.0,55.0,1000.0,33.3
654,קנוקה,1.0,76.0,1000.0,33.3
655,קאווה,1.0,26.0,700.0,23.3
657,אמיסריו סילבר,3.0,235.0,3000.0,85.7
657,גורדונס 700,1.0,66.0,700.0,20.0
657,גורדונס ליטר,3.0,280.0,3000.0,85.7
657,יין לבן,1.0,28.0,750.0,21.4
657,קאווה,2.0,51.0,1400.0,40.0
657,קנוקה,1.0,76.0,1000.0,28.6
660,גורדונס 700,2.0,132.0,1400.0,46.7
660,קנוקה,1.0,76.0,1000.0,33.3
661,אפרול ליטר,1.0,67.0,1000.0,5.0
661,בומביי ליטר,1.0,130.0,1000.0,5.0
661,ג'ק דניאלס,1.0,139.0,1000.0,5.0
661,גורדונס ליטר,6.0,559.0,6000.0,30.0
661,גלנפידיך 12,1.0,158.0,700.0,3.5
661,גרייגוס,1.0,143.0,1000.0,5.0
661,דיסרונו,1.0,76.0,700.0,3.5
661,וואן גוך ליטר,1.0,135.0,1000.0,5.0
661,יין אדום,3.0,84.0,2250.0,11.3
661,יין לבן,3.0,84.0,2250.0,11.3
661,יין לבן ויתקין,1.0,56.0,750.0,3.8
661,ערק עלית,3.0,171.0,2100.0,10.5
661,פינלנדיה,1.0,87.0,1000.0,5.0
661,קאווה,1.0,26.0,700.0,3.5
661,קמפרי,2.0,170.0,2000.0,10.0
661,קנוקה,2.0,153.0,2000.0,10.0
662,אמיסריו סילבר,1.0,78.0,1000.0,7.7
662,גורדונס 700,3.0,198.0,2100.0,16.2
662,פינלנדיה,2.0,175.0,2000.0,15.4
662,קאווה,1.0,26.0,700.0,5.4
663,גורדונס ליטר,2.0,186.0,2000.0,33.3
663,ערק עלית,2.0,114.0,1400.0,23.3
663,קמפרי,2.0,170.0,2000.0,33.3
663,קנוקה,3.0,229.0,3000.0,50.0
665,גורדונס ליטר,1.0,93.0,1000.0,10.0
665,יין אדום,3.0,84.0,2250.0,22.5
665,יין לבן,5.0,140.0,3750.0,37.5
665,יין לבן ויתקין,3.0,168.0,2250.0,22.5
669,גורדונס 700,1.0,66.0,700.0,14.0
669,גורדונס ליטר,1.0,93.0,1000.0,20.0
669,יין לבן,1.0,28.0,750.0,15.0
669,קאווה,1.0,26.0,700.0,14.0
669,קנוקה,2.0,153.0,2000.0,40.0
671,אמיסריו סילבר,1.0,78.0,1000.0,4.0
671,גורדונס ליטר,1.0,93.0,1000.0,4.0
671,קנוקה,2.0,153.0,2000.0,8.0
675,אמיסריו סילבר,3.0,235.0,3000.0,20.0
675,קנוקה,3.0,229.0,3000.0,20.0
677,גורדונס ליטר,1.0,93.0,1000.0,12.5
677,ערק עלית,1.0,57.0,700.0,8.8
677,קנוקה,4.0,306.0,4000.0,50.0
678,גורדונס ליטר,1.0,93.0,1000.0,25.0
678,יין אדום,3.0,84.0,2250.0,56.3
678,ליקר קסיס בנימינה,1.0,50.0,700.0,17.5
678,מרטיני ביאנקו,1.0,55.0,1000.0,25.0
678,ערק עלית,1.0,57.0,700.0,17.5
678,פינלנדיה,1.0,87.0,1000.0,25.0
680,אמיסריו סילבר,1.0,78.0,1000.0,14.3
680,גורדונס ליטר,2.0,186.0,2000.0,28.6
680,ליקר קסיס בנימינה,1.0,50.0,700.0,10.0
680,פינלנדיה,1.0,87.0,1000.0,14.3
680,קנוקה,2.0,153.0,2000.0,28.6
683,גורדונס ליטר,1.0,93.0,1000.0,10.0
683,ערק עלית,1.0,57.0,700.0,7.0
683,קמפרי,1.0,85.0,1000.0,10.0
683,קנוקה,1.0,76.0,1000.0,10.0
684,אמיסריו סילבר,1.0,78.0,1000.0,14.3
684,גורדונס ליטר,4.0,373.0,4000.0,57.1
684,יין לבן,4.0,112.0,3000.0,42.9
684,ערק עלית,2.0,114.0,1400.0,20.0
684,קמפרי,2.0,170.0,2000.0,28.6
684,קנוקה,2.0,153.0,2000.0,28.6
685,גורדונס ליטר,1.0,93.0,1000.0,20.0
685,ערק עלית,1.0,57.0,700.0,14.0
685,קנוקה,1.0,76.0,1000.0,20.0
687,אפרול ליטר,1.0,67.0,1000.0,14.3
687,גורדונס ליטר,2.0,186.0,2000.0,28.6
687,יין לבן,3.0,84.0,2250.0,32.1
687,יין רוזה,2.0,56.0,1500.0,21.4
687,יין רוזה ויתקין,2.0,112.0,1500.0,21.4
687,ערק עלית,4.0,228.0,2800.0,40.0
687,פינלנדיה,2.0,175.0,2000.0,28.6
687,קאווה,4.0,103.0,2800.0,40.0
687,קמפרי,2.0,170.0,2000.0,28.6
687,קנוקה,2.0,153.0,2000.0,28.6
694,גורדונס ליטר,2.0,186.0,2000.0,28.6
694,ערק עלית,2.0,114.0,1400.0,20.0
694,קנוקה,3.0,229.0,3000.0,42.9
697,אוזו 7,1.0,58.0,700.0,28.0
697,גורדונס ליטר,1.0,93.0,1000.0,40.0
697,גרייגוס,1.0,143.0,1000.0,40.0
697,וואן גוך ליטר,1.0,135.0,1000.0,40.0
697,יין לבן,1.0,28.0,750.0,30.0
697,ליקר טריפל סק בנימינה,1.0,50.0,700.0,28.0
697,ערק עלית,1.0,57.0,700.0,28.0
697,פינלנדיה,1.0,87.0,1000.0,40.0
697,קנוקה,3.0,229.0,3000.0,120.0
698,גורדונס ליטר,1.0,93.0,1000.0,25.0
698,פינלנדיה,1.0,87.0,1000.0,25.0
698,קנוקה,1.0,76.0,1000.0,25.0
699,אוזו 7,1.0,58.0,700.0,7.0
699,אמיסריו סילבר,1.0,78.0,1000.0,10.0
699,בומביי ליטר,1.0,130.0,1000.0,10.0
699,ג'ים בים,1.0,127.0,1000.0,10.0
699,גורדונס ליטר,1.0,93.0,1000.0,10.0
699,גלנפידיך 12,1.0,158.0,700.0,7.0
699,יין לבן,2.0,56.0,1500.0,15.0
699,ערק עלית,4.0,228.0,2800.0,28.0
699,קאווה,1.0,26.0,700.0,7.0
699,קנוקה,1.0,76.0,1000.0,10.0
700,גורדונס ליטר,2.0,186.0,2000.0,80.0
700,קנוקה,1.0,76.0,1000.0,40.0
703,אמיסריו סילבר,2.0,156.0,2000.0,6.7
703,גורדונס ליטר,3.0,280.0,3000.0,10.0
703,ערק עלית,2.0,114.0,1400.0,4.7
703,קנוקה,4.0,306.0,4000.0,13.3
706,גורדונס ליטר,2.0,186.0,2000.0,5.0
706,מרטיני ביאנקו,1.0,55.0,1000.0,2.5
706,קאווה,3.0,77.0,2100.0,5.3
706,קנוקה,1.0,76.0,1000.0,2.5
707,אוזו 7,1.0,58.0,700.0,3.5
707,אמיסריו סילבר,3.0,235.0,3000.0,15.0
707,אפרול ליטר,1.0,67.0,1000.0,5.0
707,ג'יימסון,2.0,240.0,2000.0,10.0
707,ג'ים בים,1.0,127.0,1000.0,5.0
707,גורדונס ליטר,3.0,280.0,3000.0,15.0
707,וואן גוך ליטר,2.0,270.0,2000.0,10.0
707,יין לבן,4.0,112.0,3000.0,15.0
707,ליקר טריפל סק בנימינה,1.0,50.0,700.0,3.5
707,ערק עלית,2.0,114.0,1400.0,7.0
707,פינלנדיה,1.0,87.0,1000.0,5.0
707,קאווה,3.0,77.0,2100.0,10.5
707,קמפרי,1.0,85.0,1000.0,5.0
707,קנוקה,3.0,229.0,3000.0,15.0
708,אמיסריו סילבר,2.0,156.0,2000.0,66.7
708,גורדונס ליטר,2.0,186.0,2000.0,66.7
708,יין אדום,2.0,56.0,1500.0,50.0
708,יין לבן,5.0,140.0,3750.0,125.0
708,קנוקה,1.0,76.0,1000.0,33.3
711,אמיסריו סילבר,1.0,78.0,1000.0,50.0
711,גורדונס ליטר,1.0,93.0,1000.0,50.0
711,ערק עלית,1.0,57.0,700.0,35.0
712,גורדונס ליטר,1.0,93.0,1000.0,33.3
713,אפרול ליטר,2.0,135.0,2000.0,20.0
713,קאווה,3.0,77.0,2100.0,21.0
714,אמיסריו סילבר,1.0,78.0,1000.0,10.0
714,גורדונס ליטר,1.0,93.0,1000.0,10.0
714,יין אדום,3.0,84.0,2250.0,22.5
714,יין לבן,4.0,112.0,3000.0,30.0
714,ערק עלית,1.0,57.0,700.0,7.0
715,אמיסריו סילבר,2.0,156.0,2000.0,25.0
715,אפרול ליטר,2.0,135.0,2000.0,25.0
715,גורדונס ליטר,3.0,280.0,3000.0,37.5
715,יין אדום,1.0,28.0,750.0,9.4
715,יין לבן,1.0,28.0,750.0,9.4
715,קנוקה,1.0,76.0,1000.0,12.5
716,אפרול ליטר,2.0,135.0,2000.0,20.0
716,בומביי ליטר,1.0,130.0,1000.0,10.0
716,ג'יימסון,1.0,120.0,1000.0,10.0
716,ג'ים בים,1.0,127.0,1000.0,10.0
716,גורדונס ליטר,1.0,93.0,1000.0,10.0
716,גלנפידיך 12,2.0,316.0,1400.0,14.0
716,קאווה,3.0,77.0,2100.0,21.0
716,קמפרי,2.0,170.0,2000.0,20.0
716,קנוקה,1.0,76.0,1000.0,10.0
723,אמיסריו סילבר,1.0,78.0,1000.0,10.0
723,אפרול ליטר,1.0,67.0,1000.0,10.0
723,גורדונס ליטר,1.0,93.0,1000.0,10.0
723,גלנפידיך 12,2.0,316.0,1400.0,14.0
723,גרייגוס,2.0,286.0,2000.0,20.0
723,ליקר טריפל סק בנימינה,2.0,100.0,1400.0,14.0
723,פטרון סילבר,1.0,165.0,1000.0,10.0
723,פינלנדיה,1.0,87.0,1000.0,10.0
723,קאווה,2.0,51.0,1400.0,14.0
723,קנוקה,2.0,153.0,2000.0,20.0
724,גורדונס ליטר,1.0,93.0,1000.0,20.0
724,ערק עלית,1.0,57.0,700.0,14.0
724,קנוקה,1.0,76.0,1000.0,20.0
725,אמיסריו סילבר,1.0,78.0,1000.0,2.0
727,גורדונס ליטר,1.0,93.0,1000.0,25.0
727,קנוקה,1.0,76.0,1000.0,25.0
728,אוזו 7,1.0,58.0,700.0,17.5
728,אמיסריו סילבר,1.0,78.0,1000.0,25.0
728,אפרול ליטר,1.0,67.0,1000.0,25.0
728,יין לבן,1.0,28.0,750.0,18.8
728,יין רוזה,2.0,56.0,1500.0,37.5
728,ערק עלית,6.0,342.0,4200.0,105.0
728,פטרון סילבר,1.0,165.0,1000.0,25.0
728,קאווה,2.0,51.0,1400.0,35.0
728,קמפרי,1.0,85.0,1000.0,25.0
728,קנוקה,1.0,76.0,1000.0,25.0
729,אוזו 7,3.0,173.0,2100.0,14.0
729,גורדונס 700,6.0,396.0,4200.0,28.0
729,יין אדום,1.0,28.0,750.0,5.0
729,יין לבן,1.0,28.0,750.0,5.0
729,מרטיני ביאנקו,1.0,55.0,1000.0,6.7
729,ערק עלית,2.0,114.0,1400.0,9.3
729,קנוקה,3.0,229.0,3000.0,20.0
730,אוזו 7,1.0,58.0,700.0,7.0
730,אמיסריו סילבר,1.0,78.0,1000.0,10.0
730,אפרול ליטר,1.0,67.0,1000.0,10.0
730,בומביי ליטר,1.0,130.0,1000.0,10.0
730,ג'ק דניאלס,1.0,139.0,1000.0,10.0
730,גורדונס ליטר,3.0,280.0,3000.0,30.0
730,גלנפידיך 12,1.0,158.0,700.0,7.0
730,גראנטס,1.0,89.0,1000.0,10.0
730,גרייגוס,2.0,286.0,2000.0,20.0
730,יין לבן,6.0,168.0,4500.0,45.0
730,ליקר טריפל סק בנימינה,1.0,50.0,700.0,7.0
730,ערק עלית,5.0,285.0,3500.0,35.0
730,פינלנדיה,1.0,87.0,1000.0,10.0
730,קאווה,2.0,51.0,1400.0,14.0
730,קנוקה,1.0,76.0,1000.0,10.0
731,אמיסריו סילבר,1.0,78.0,1000.0,8.3
731,ג'ק דניאלס דבש,1.0,140.0,700.0,5.8
731,גורדונס ליטר,4.0,373.0,4000.0,33.3
731,גרייגוס,2.0,286.0,2000.0,16.7
731,יין אדום,2.0,56.0,1500.0,12.5
731,יין לבן,1.0,28.0,750.0,6.3
731,יין רוזה,1.0,28.0,750.0,6.3
731,מאנקי שולדרס,1.0,120.0,700.0,5.8
731,ערק עלית,1.0,57.0,700.0,5.8
731,פינלנדיה,2.0,175.0,2000.0,16.7
731,קאווה,2.0,51.0,1400.0,11.7
731,קנוקה,2.0,153.0,2000.0,16.7
732,אמיסריו סילבר,1.0,78.0,1000.0,10.0
732,גורדונס 700,3.0,198.0,2100.0,21.0
732,יין אדום,3.0,84.0,2250.0,22.5
732,יין לבן,4.0,112.0,3000.0,30.0
732,ליקר קסיס בנימינה,1.0,50.0,700.0,7.0
732,פינלנדיה,1.0,87.0,1000.0,10.0
732,קנוקה,1.0,76.0,1000.0,10.0
734,אפרול ליטר,1.0,67.0,1000.0,5.0
734,ג'יימסון,1.0,120.0,1000.0,5.0
734,ג'ק דניאלס,1.0,139.0,1000.0,5.0
734,גורדונס ליטר,4.0,373.0,4000.0,20.0
734,גלנפידיך 12,1.0,158.0,700.0,3.5
734,ייגרמייסטר,1.0,105.0,1000.0,5.0
734,יין אדום,2.0,56.0,1500.0,7.5
734,יין לבן,2.0,56.0,1500.0,7.5
734,ערק עלית,3.0,171.0,2100.0,10.5
734,פטרון סילבר,1.0,165.0,1000.0,5.0
734,קאווה,3.0,77.0,2100.0,10.5
734,קנוקה,2.0,153.0,2000.0,10.0
736,אוזו 7,2.0,116.0,1400.0,9.3
736,אמיסריו סילבר,2.0,156.0,2000.0,13.3
736,גורדונס ליטר,2.0,186.0,2000.0,13.3
736,מרטיני ביאנקו,1.0,55.0,1000.0,6.7
736,קנוקה,2.0,153.0,2000.0,13.3
737,גורדונס 700,3.0,198.0,2100.0,35.0
737,יין אדום,1.0,28.0,750.0,12.5
737,יין לבן,1.0,28.0,750.0,12.5
737,מאנקי שולדרס,1.0,120.0,700.0,11.7
737,ערק עלית,2.0,114.0,1400.0,23.3
737,קנוקה,1.0,76.0,1000.0,16.7
738,אפרול ליטר,1.0,67.0,1000.0,3.0
738,גורדונס 700,3.0,198.0,2100.0,6.4
738,גלנפידיך 12,2.0,316.0,1400.0,4.2
738,גרייגוס,10.0,1430.0,10000.0,30.3
738,טנקרי,1.0,145.0,1000.0,3.0
738,יין אדום,3.0,84.0,2250.0,6.8
738,יין לבן,9.0,252.0,6750.0,20.5
738,ערק אשקלון,6.0,360.0,4200.0,12.7
738,פטרון סילבר,1.0,165.0,1000.0,3.0
738,פינלנדיה,1.0,87.0,1000.0,3.0
738,קאווה,5.0,129.0,3500.0,10.6
739,אמיסריו סילבר,1.0,78.0,1000.0,2.9
739,גורדונס ליטר,1.0,93.0,1000.0,2.9
739,קנוקה,3.0,229.0,3000.0,8.6
740,אמיסריו סילבר,2.0,156.0,2000.0,5.7
740,גורדונס 700,2.0,132.0,1400.0,4.0
740,פינלנדיה,1.0,87.0,1000.0,2.9
740,קנוקה,2.0,153.0,2000.0,5.7
743,ג'ים בים,1.0,127.0,1000.0,4.0
743,יין לבן,3.0,84.0,2250.0,9.0
743,קאווה,1.0,26.0,700.0,2.8
743,קמפרי,1.0,85.0,1000.0,4.0
743,קנוקה,1.0,76.0,1000.0,4.0
744,אמיסריו גולד,1.0,78.0,1000.0,6.7
744,אמיסריו סילבר,2.0,156.0,2000.0,13.3
744,אפרול ליטר,1.0,67.0,1000.0,6.7
744,גורדונס 700,2.0,132.0,1400.0,9.3
744,גרייגוס,4.0,572.0,4000.0,26.7
744,וואן גוך ליטר,1.0,135.0,1000.0,6.7
744,יין אדום,1.0,28.0,750.0,5.0
744,יין לבן,1.0,28.0,750.0,5.0
744,ערק עלית,5.0,285.0,3500.0,23.3
744,פטרון סילבר,1.0,165.0,1000.0,6.7
744,פינלנדיה,14.0,1222.0,14000.0,93.3
744,קאווה,2.0,51.0,1400.0,9.3
744,קמפרי,1.0,85.0,1000.0,6.7
744,קנוקה,3.0,229.0,3000.0,20.0
746,אמיסריו סילבר,1.0,78.0,1000.0,20.0
746,גורדונס 700,2.0,132.0,1400.0,28.0
746,גורדונס ליטר,2.0,186.0,2000.0,40.0
746,יין לבן,1.0,28.0,750.0,15.0
746,פינלנדיה,1.0,87.0,1000.0,20.0
753,אמיסריו סילבר,1.0,78.0,1000.0,10.0
753,בושמילס,1.0,115.0,1000.0,10.0
753,גורדונס 700,5.0,330.0,3500.0,35.0
753,יין לבן,2.0,56.0,1500.0,15.0
753,מרטיני ביאנקו,1.0,55.0,1000.0,10.0
753,ערק עלית,2.0,114.0,1400.0,14.0
753,קאווה,1.0,26.0,700.0,7.0
753,קנוקה,3.0,229.0,3000.0,30.0
754,אמיסריו סילבר,2.0,156.0,2000.0,13.3
754,גורדונס ליטר,1.0,93.0,1000.0,6.7
754,ערק עלית,2.0,114.0,1400.0,9.3
754,קנוקה,2.0,153.0,2000.0,13.3
757,אמיסריו סילבר,1.0,78.0,1000.0,10.0
757,פינלנדיה,1.0,87.0,1000.0,10.0
